{
  "planos": [
    {
      "id": "2025-08-17_204420_cortes_de_chapa_de_macas",
      "porm2": 11.793611793611793,
      "total_area_m2": 1.11,
      "total_valor": 13.090909090909092
    }
  ]
}